STT,Nhóm,Tiêu đề,Năm,Tác giả/nhóm tác giả,Nội dung và kết quả chính,Tài liệu tham khảo,Nguồn GISA,Tệp ảnh cục bộ,Ghi chú ảnh
1,4 nguồn người dùng cung cấp,Nghiên cứu phát triển mô hình chuẩn đối sánh (Benchmarking) đo lường hiệu suất hoạt động: Phân tích trường hợp các doanh nghiệp Việt Nam,2023,Hoàng Văn Việt; Nguyễn K.-D.; Nguyễn H.-L.,"Phát triển mô hình chuẩn đối sánh PMS gồm Năng suất, Quản lý và Bền vững cho doanh nghiệp đồ gỗ Việt Nam. Nghiên cứu kết hợp tổng quan tài liệu, phỏng vấn khám phá, lý thuyết nền và phân tích định lượng. Các khoảng cách hiệu suất liên quan đến thiết kế, nguồn nguyên liệu, quy mô, thị trường, hệ thống quản lý và mức độ cởi mở. Rào cản chính gồm khó chọn chỉ số và doanh nghiệp so sánh, thiếu kiến thức, ngại chia sẻ dữ liệu, dữ liệu không sẵn có hoặc không đáng tin cậy và mức độ tham gia thấp.","Hoang, V., Nguyen, K.-D. and Nguyen, H.-L. (2023), ""Framework and determinants of benchmarking: a theoretical analysis and case study in Vietnam"", International Journal of Emerging Markets, 18(10), 4651–4668. DOI: 10.1108/IJOEM-04-2021-0553.",https://gisa.edu.vn/nghien-cuu-phat-trien-mo-hinh-chuan-doi-sanh-benchmarking-do-luong-hieu-suat-hoat-dong-phan-tich-truong-hop-cac-doanh-nghiep-viet-nam,images/01_benchmarking_page_screenshot.png,Ảnh chụp trang do người dùng cung cấp; ảnh đại diện gốc của bài không tải trực tiếp được trong phiên thu thập.
2,4 nguồn người dùng cung cấp,Các chương trình chất lượng thực phẩm và phí bảo hiểm giá: rộng có đi cùng nhau không?,2020,Monier-Dilhan và cộng sự; có Hoàng Văn Việt,"So sánh sản phẩm có chương trình chất lượng thực phẩm với sản phẩm tương tự không có nhãn ở nhiều khâu chuỗi giá trị, ngành hàng và chương trình PDO, PGI, hữu cơ. Giá sản phẩm có chứng nhận nhìn chung cao hơn. Phần chênh giá khá tương đồng giữa các khâu và ngành, nhưng hữu cơ có mức chênh đáng kể hơn PGI ở khâu đầu và chế biến sau khi tính chi phí trực tiếp. Phần lớn sản phẩm tạo ra địa tô chất lượng dương.","Monier-Dilhan et al. (2020), Journal of Agricultural & Food Industrial Organization, 19(2), 79–94.",https://gisa.edu.vn/cac-chuong-trinh-chat-luong-thuc-pham-va-phi-bao-hiem-gia-rong-co-di-cung-nhau-khong,images/02_food_quality.jpg,Ảnh đại diện được lấy từ trang GISA.
3,4 nguồn người dùng cung cấp,"Phân tích chuỗi giá trị và đánh giá năng lực cạnh tranh của ngành bưởi da xanh tại Bến Tre, Việt Nam",2015,Hoàng Văn Việt,"Lập bản đồ chuỗi giá trị, ước tính đóng góp tài chính và giá trị gia tăng, đồng thời đánh giá năng lực cạnh tranh của ngành bưởi da xanh. Kết quả cho thấy ngành tạo đóng góp kinh tế đáng kể, phân phối lợi ích tương đối hợp lý và có năng lực cạnh tranh cao so với một số ngành khác. Các vấn đề cần xử lý gồm sâu bệnh và nguy cơ dư cung khi diện tích tăng.","Nghiên cứu chuỗi giá trị và năng lực cạnh tranh bưởi da xanh tại Bến Tre, công bố năm 2015 theo trang GISA.",https://gisa.edu.vn/phan-tich-chuoi-gia-tri-va-danh-gia-nang-luc-canh-tranh-cua-nganh-buoi-da-xanh-tai-ben-tre-viet-nam,images/03_pomelo_value_chain.jpg,Ảnh đại diện được lấy từ trang GISA.
4,4 nguồn người dùng cung cấp,"Nâng cao trải nghiệm khách hàng với chatbot vận hành bởi AI: Vai trò của chất lượng dịch vụ, trí tuệ cảm xúc và sự cá nhân hóa của thuật toán",2023,Nguyễn Minh Khôi; Lê và cộng sự,"Phân tích tác động của chất lượng dịch vụ AI, trí tuệ cảm xúc, cá nhân hóa và bảo mật đến sự hài lòng, niềm tin, cam kết quan hệ và trải nghiệm khách hàng. Cam kết quan hệ là yếu tố dự báo mạnh nhất, sau đó là sự hài lòng và niềm tin. Chất lượng dịch vụ và trí tuệ cảm xúc của AI đều cải thiện trải nghiệm; chất lượng dịch vụ có tác động mạnh hơn. Cá nhân hóa ảnh hưởng đến cam kết nhiều hơn bảo mật.","Le et al. (2023), International Journal of Trade and Global Markets. DOI: 10.1504/IJTGM.2023.10058887.",https://gisa.edu.vn/nang-cao-trai-nghiem-khach-hang-voi-chatbot-van-hanh-boi-tri-tue-nhan-tao-ai-vai-tro-cua-chat-luong-dich-vu-tri-tue-cam-xuc-va-su-ca-nhan-hoa-cua-thuat-toan,images/04_ai_chatbot.jpg,Ảnh đại diện được lấy từ trang GISA.
5,10 thành quả nghiên cứu khác trên GISA,Nghiên cứu khám phá động lực và rào cản đối với hành vi tiêu dùng sữa bền vững tại Việt Nam: Ứng dụng mô hình COM-B,2023,Hoàng Văn Việt và cộng sự,"Năm nhóm tập trung với 40 người tham gia xác định 32 động lực và 14 rào cản. Động lực nổi bật gồm sức khỏe, thương hiệu/chất lượng, gia đình và khuyến mãi. Rào cản gồm khẩu vị, giá trị cảm nhận thấp, thói quen, thiếu niềm tin/kiến thức/thông tin, giá cao và khả năng tiếp cận kém. Nghiên cứu đề xuất can thiệp theo ba cấu phần Năng lực, Động lực và Cơ hội của COM-B.","Hoang et al. (2023), Sustainable Production and Consumption, 42, 183–195. DOI: 10.1016/j.spc.2023.09.016.",https://gisa.edu.vn/nghien-cuu-kham-pha-dong-luc-va-rao-can-doi-voi-hanh-vi-tieu-dung-sua-ben-vung-tai-viet-nam-ung-dung-mo-hinh-quan-tri-com-b,images/05_sustainable_dairy_com_b.png,Ảnh đại diện và hai sơ đồ nghiên cứu COM-B có trong thư mục images.
6,10 thành quả nghiên cứu khác trên GISA,Nghiên cứu sự sẵn sàng trả tiền đối với nhãn thực phẩm phúc lợi động vật: Ứng dụng phương pháp thí nghiệm lựa chọn,2023,Matthew Gorton và cộng sự,"So sánh nhãn RSPCA Assured và Red Tractor cho thịt ức gà tại Anh bằng phỏng vấn định tính và khảo sát trực tuyến 401 người. Người tiêu dùng sẵn sàng trả thêm cho nhãn có yêu cầu phúc lợi động vật nghiêm ngặt hơn, nhưng tính khả thi thương mại có thể thấp ở nhóm nhạy cảm về giá.","Gorton et al. (2023), Ecological Economics, 209, 107852. DOI: 10.1016/j.ecolecon.2023.107852.",https://gisa.edu.vn/nghien-cuu-su-san-sang-tra-tien-doi-voi-nhan-thuc-pham-phuc-loi-dong-vat-ung-dung-phuong-phap-thi-nghiem-lua-chon,images/06_animal_welfare.jpg,Ảnh đại diện được lấy từ trang GISA.
7,10 thành quả nghiên cứu khác trên GISA,"Lợi thế so sánh của các loại cây trồng thay thế: Nghiên cứu so sánh ở Bến Tre, Đồng bằng sông Cửu Long, Việt Nam",,Hoàng Văn Việt và cộng sự,"Dùng DRC, SCB và PAM để so sánh lúa, dừa và bưởi. Bưởi có năng lực cạnh tranh mạnh nhất; dừa ở mức trung bình nhưng ổn định nhất; lúa yếu nhất và nhạy với biến động khí hậu, thị trường. Nghiên cứu gợi ý chuyển một phần đất lúa sang bưởi hoặc dừa nhưng phải tính chi phí chuyển đổi và đầu tư ban đầu.","Bài nghiên cứu lợi thế so sánh cây trồng thay thế, thông tin tóm tắt theo trang GISA.",https://gisa.edu.vn/loi-the-so-sanh-cua-cac-loai-cay-trong-thay-the-nghien-cuu-so-sanh-o-ben-tre-dong-bang-song-cuu-long-viet-nam,images/07_alternative_crops.jpg,Ảnh đại diện được lấy từ trang GISA.
8,10 thành quả nghiên cứu khác trên GISA,Năng lực cạnh tranh nông nghiệp của Việt Nam theo các chỉ số RCA và NRCA và tính nhất quán của các chỉ số năng lực cạnh tranh,,Nhóm nghiên cứu GISA,"Việt Nam có lợi thế mạnh ở trồng trọt và thủy sản, nhưng yếu hơn ở chăn nuôi và thực phẩm chế biến. Các ngành mạnh/yếu tương đối ổn định, phản ánh chiến lược xuất khẩu dựa nhiều vào sản phẩm truyền thống và tài nguyên tự nhiên. RCA, NRCA và RTA khá nhất quán trong phân loại có/không có lợi thế, nhưng kém nhất quán khi xếp hạng mức độ.","Bài nghiên cứu chỉ số RCA, NRCA và năng lực cạnh tranh nông nghiệp Việt Nam, tóm tắt theo trang GISA.",https://gisa.edu.vn/nang-luc-canh-tranh-nong-nghiep-cua-viet-nam-theo-cac-chi-so-rca-va-nrca-va-tinh-nhat-quan-cua-cac-chi-so-nang-luc-canh-tranh,,Chưa tải được ảnh đại diện ở lần thu thập này; liên kết nguồn vẫn được giữ.
9,10 thành quả nghiên cứu khác trên GISA,"Tính bền vững của các chương trình chất lượng thực phẩm châu Âu: Đa hiệu suất, cơ cấu và quản trị các hệ thống PDO, PGI và nông sản hữu cơ",,Nhóm tác giả quốc tế,"Tổng hợp 27 trường hợp PDO, PGI và hữu cơ tại châu Âu và Đông Nam Á. Hiệu quả kinh tế khác nhau đáng kể giữa các trường hợp, trong khi khía cạnh môi trường và xã hội thường chưa được đo lường đầy đủ. Công trình cung cấp dữ liệu về chuỗi giá trị, quản trị và thông số kỹ thuật của từng hệ thống.","Công trình tổng hợp về tính bền vững của các chương trình chất lượng thực phẩm châu Âu, tóm tắt theo trang GISA.",https://gisa.edu.vn/tinh-ben-vung-cua-cac-chuong-trinh-chat-luong-thuc-pham-chau-au-da-hieu-suat-co-cau-va-quan-tri-cac-he-thong-pdo-pgi-va-nong-san-huu-co,,Chưa tải được ảnh đại diện ở lần thu thập này; liên kết nguồn vẫn được giữ.
10,10 thành quả nghiên cứu khác trên GISA,"Đo lường tính bền vững về kinh tế, môi trường và xã hội của chuỗi cung ứng thực phẩm ngắn hạn",,Nhóm tác giả quốc tế,"Dữ liệu gồm 208 nhà sản xuất, 7 quốc gia, 10 kênh và 486 chuỗi. Chuỗi ngắn giúp nhà sản xuất giữ lại tỷ lệ lợi nhuận lớn hơn. Tuy nhiên, các kênh dài hơn đôi khi có tác động môi trường thấp hơn trên mỗi đơn vị sản lượng; kết quả xã hội không đồng nhất giữa các kênh.","Nghiên cứu đo lường tính bền vững của chuỗi cung ứng thực phẩm ngắn, tóm tắt theo trang GISA.",https://gisa.edu.vn/do-luong-tinh-ben-vung-ve-kinh-te-moi-truong-va-xa-hoi-cua-chuoi-cung-ung-thuc-pham-ngan-han,,Chưa tải được ảnh đại diện ở lần thu thập này.
11,10 thành quả nghiên cứu khác trên GISA,Động lực của thương mại nội ngành nông nghiệp: Một nghiên cứu điển hình toàn diện ở Việt Nam,,Nhóm nghiên cứu GISA,"Phân loại 42 ngành có thương mại liên ngành và 19 ngành có thương mại nội ngành; xu hướng thương mại nội ngành tăng. Sự thay đổi mang tính động, liên quan đến chuyển dịch cơ cấu và có quan hệ âm với mức độ chuyên môn hóa thương mại.","Nghiên cứu thương mại nội ngành nông nghiệp Việt Nam, tóm tắt theo trang GISA.",https://gisa.edu.vn/dong-luc-cua-thuong-mai-noi-nganh-nong-nghiep-mot-nghien-cuu-dien-hinh-toan-dien-o-viet-nam,,Chưa tải được ảnh đại diện ở lần thu thập này.
12,10 thành quả nghiên cứu khác trên GISA,Nghiên cứu sự phát triển của chuyên môn hóa thương mại nông nghiệp ở các nền kinh tế chuyển đổi: Nghiên cứu trường hợp từ Việt Nam,1997–2014,Nhóm nghiên cứu GISA,"Dùng chỉ số Lafay để phân tích sự thay đổi chuyên môn hóa thương mại nông nghiệp. Các ngành có mức chuyên môn hóa cao có xu hướng giảm, còn một số ngành chưa chuyên môn hóa có xu hướng tăng. Tác động của khủng hoảng năm 2008 và xu hướng tổng thể không hoàn toàn rõ ràng.","Nghiên cứu chuyên môn hóa thương mại nông nghiệp Việt Nam giai đoạn 1997–2014, tóm tắt theo trang GISA.",https://gisa.edu.vn/nghien-cuu-su-phat-trien-cua-chuyen-mon-hoa-thuong-mai-nong-nghiep-o-cac-nen-kinh-te-chuyen-doi-nghien-cuu-truong-hop-tu-viet-nam,,Chưa tải được ảnh đại diện ở lần thu thập này.
13,10 thành quả nghiên cứu khác trên GISA,Nghiên cứu chuỗi giá trị bưởi da xanh Bến Tre,2016,Hoàng Văn Việt và cộng sự,"Khảo sát chuỗi tại Bến Tre và thị trường Thành phố Hồ Chí Minh, kết hợp khung GTZ, M4P và FAO để tính chi phí, lợi nhuận và giá trị gia tăng. Chuỗi có hiệu quả kinh tế-xã hội cao, phân bổ lợi ích tương đối công bằng, đặc biệt cho nông dân. Rủi ro chính là sâu bệnh và nguồn cung tăng nhanh, do đó cần đa dạng hóa thị trường.","Nghiên cứu chuỗi giá trị bưởi da xanh Bến Tre, công bố năm 2016 theo trang GISA.",https://gisa.edu.vn/nghien-cuu-chuoi-gia-tri-buoi-da-xanh-ben-tre,images/08_pomelo.jpg,Ảnh đại diện được lấy từ trang GISA.
14,10 thành quả nghiên cứu khác trên GISA,Chuỗi cung ứng thực phẩm ngắn hạn: Động lực bền vững và bình đẳng cho tương lai,,Nhóm tác giả quốc tế,"Đề xuất khung sáu trụ cột và 28 chỉ số để đánh giá chuỗi cung ứng thực phẩm ngắn, áp dụng cho chuỗi rau tại Việt Nam. Lợi ích gồm thu nhập, việc làm, công bằng, sức khỏe, giảm ô nhiễm/chất thải/năng lượng, chất lượng thực phẩm, giáo dục nông trại, du lịch nông nghiệp, văn hóa địa phương và cộng đồng. Công trình cũng xác định rào cản và nhu cầu hỗ trợ từ chính phủ/dự án.","Nghiên cứu khung đánh giá chuỗi cung ứng thực phẩm ngắn, tóm tắt theo trang GISA.",https://gisa.edu.vn/chuoi-cung-ung-thuc-pham-ngan-han-dong-luc-ben-vung-va-binh-dang-cho-tuong-lai,,Chưa tải được ảnh đại diện ở lần thu thập này.
